2000834;MISHKA
2000755;MACH 3
2000575;HEINEKEN
2000909;ODOL
2001164;SEBILLE
2000660;LA CAMPAGNOLA
2001121;SADIA
2001199;SINCROLAMP
2001000;POLVORITA
2000871;NESCAFE
2000636;KARINAT
2001283;TRAMONTINA
2001033;PROCENEX
2000812;MENOYO
2001352;VIRULANA
2001241;SWIFT
2000931;PACO
2000944;PANTENE
2000796;MAS
2000975;PHILIPS
2000601;HUGGIES
2000677;LA PARMESANA
2000885;NIKOV
2001435;AVENT
2001062;RAVANA
2000652;KNORR
2001013;POWERADE
2000607;ILKO
2000997;POETT
2000769;MANA
2000520;GARDEN LIFE
2001366;WASSINGTON
2000655;KOTEX
2001294;TRESEMME
2000688;LA SERENISIMA
2000536;GLADE
2000753;LYSOFORM
2000751;LUX
2001027;PRIMER PREMIO
2000750;LUMINARC
2000826;MILKAUT
2001144;SANCOR
2000895;NORTON
2001361;VUAL
2000919;ORAL-B
2000639;KENDO
2001393;DINTEL
2000631;JORGITO
2000514;FUYI
2001345;VIM
2001047;Q-SOFT
2000574;HAWAIIAN TROPIC
2001043;PUROCOL
2000793;MARTINI
2000973;PHILCO
2001031;PRO
2001039;PRUNE
2000698;LARIO
2000857;MUJERCITAS
2001023;PREMIUM
2001238;SUSSEX
2001293;TRES TORRES
2001320;VARIEDAD
2001331;VERITAS
2000951;PASABAHCE
2001259;TERMIDOR
2000923;ORLOC
2000996;PLUSBELLE
2000644;KEVIN
2000768;MAMA COCINA
2000782;MAPED
2001221;STELLA ARTOIS
2000872;NESQUIK
2000564;H&S
2000864;NADIR
2000927;OSRAM
2001289;TRENET
2000858;MULTIENVASE
2001375;YOGS
2001240;SVELTY
2000788;MARINARO
2001030;PRINGLES
2000922;ORGANIC SPA
2000888;NIVEA
2001193;SILISUR
2000629;JOHNSON
2001322;VAT 69
2001145;SANREMO
2000654;KOLYNOS
2001112;ROYAL
2000934;PALADINI
2001438;JA!
2001188;SICA
2000804;MC CAIN
2001181;SET BA벮
2000837;MITY
2001040;PUGLISI
2000699;LAS TRES NI베S
2001108;ROSA BLANCA
2000528;GEORGALOS
2001341;VILLA D'AGRI
2001165;SEDAL
2001300;TRUMPETER
2000903;NUTRILON
2000692;LA VIRGINIA
2000798;MATARAZZO
2000687;LA SANTIAGUE베
2001205;SMIRNOFF
2001052;QUERUBIN
2001173;SER
2001190;SIEMPRE LIBRE
2000731;LISTERINE
2001404;CLOSEUP
2001270;TITA
2000904;NUTRISSE
2001080;REXONA
2001261;TERRABUSI
2001136;SAN IGINIO
2000526;GENSER
2000656;KRACHITOS
2001346;VIMAR
2000882;NIDO
2000991;PLENARIO
2000647;KIMBIES
2001407;LA CASONA
2000990;PLAYADITO
2001284;TRANQUERA
2001019;PRACTI HOGAR
2001425;GRANJA TRES ARR
2000587;HINDS
2000532;GIGANTE
2001444;ABEL MICHEL TOR
2000754;M.F.
2000859;MULTIFLON
2000682;LA PODEROSA
2000890;NOBLEZA GAUCHA
2000615;INCA
2000508;FRUCTIS
2001321;VASCO VIEJO
2000780;MA베NITA
2000538;GLOW
2000965;PEDIGREE
2000618;ISSUE
2001380;ZORRO
2000790;MARIPOSA
2001103;ROLOPAC
2000855;MR.MUSCULO
2000523;GATI
2000894;NOROSO
2001263;THOLEM
2001443;LA PLANTA/CAFE
2000825;MILKA
2000747;LUCCHETTI
2001172;SEPARATA
2001357;VO5
2000989;PLAX
2000691;LA VICTORIA
2001416;FINCA VALLE FER
2000829;MINERVA
2001265;TIA MARUCA
2001308;UNION
2000543;GOMES DA COSTA
2000939;PAMPERS
2000937;PALMOLIVE
2000763;MAGISTRAL
2000683;LA PROVIDENCIA
2000905;O.B.
2001389;REINO DE CASTIL
2000535;GLACIAR
2001258;TERMA
2001167;SEISEME
2001226;SUCARYL
2000840;MOLINO CA벳ELAS
2000648;KIN
2000676;LA MORENITA
2001418;LA RESIDENCIA
2000893;NONISEC
2001287;TREGAR
2000674;LA MERCED
2001153;SANTA ROSA
2001409;SAINT TROPEZ
2000850;MOR
2001368;WHISKAS
2000668;LA FRANCISCA
2000760;MAGGI
2001055;QUILMES
2000527;GENTLEMAN
2001057;RAID
2001214;SPRITE
2000889;NOBLEX
2001401;COPA CARIBE
2000962;PATY
2000789;MARINEX
2000697;LADYSOFT
2000910;OFF
2001018;PPR SOLUTION
2000670;LA GOTITA
2000572;HASBRO
2000711;LEDVANCE
2001102;ROCKLETS
2000602;HYUNDAI
2001315;VALENTE
2001022;PREFERIDO
2001277;TORO
2000524;GATORADE
2001395;MENDIA
2000992;PLENITUD
2000785;MARCOLLA
2000874;NESTUM
2000891;NOEL
2000756;MACRITAS
2000619;IVESS
2001101;ROBY
2001095;RINDE DOS
2000541;GOLD MUNDO
2000765;MAIZENA
2000899;NOVELTY
2001392;ARMONIA
2001246;TAHITI
2001207;SNUKS
2000724;LILIANA
2000942;PANEO
2000963;PAULA
2000517;GALLO
2000953;PASEO
2000749;LUMILAGRO
2001229;SUIZA
2001054;QUICK
2000911;OLD SMUGGLER
2000679;LA PERLA
2000518;GANCIA
2001182;SEVEN UP
2001302;TULIPAN
2001326;VENEZIANA
2001330;VERDEFLOR
2001274;TONADITA
2001026;PRIME
2000740;LOPEZ
2000685;LA SALTE베
2000839;MOGUL
2000988;PITUSAS
2000576;HELLMANNS
2001376;YOGURISIMO
2001228;SUGUS
2001440;FINCA MAGNOLIA
2001099;RIVADAVIA
2000873;NESTLE
2000595;HONEY NUT OATS
2001220;STEINHAUSER
2001273;TOKKE
2000869;NAVARRO CORREAS
2001385;ACQ. DI COLBERT
2000853;MOULINEX
2000649;KINDER
2000814;MENTHOPLUS
2001152;SANTA JULIA
2000964;PAULISTA
2001158;SAVORA
2001348;VI베S DE ALVEAR
2000928;OSTER
2001058;RANCHERA
2001391;SED METAL
2000559;GREEN LIFE
2000912;OLD SPICE
2000722;LHERITIER
2000921;OREO
2001378;ZIPLOC
2001323;VEET
2001127;SALSATI
2000672;LA LECHERA
2000633;JVC
2000846;MONSTER ENERGY
2001067;RECREO
2001268;TIO NACHO
2001225;SUBLIME
2000985;PIPORE
2000719;LEVITE
2000887;NISSIN
2000822;MICKEY
2000803;MAZOLA
2000563;GUAYMALLEN
2000877;NEW STYLE
2000678;LA PAULINA
2000554;GRANJA DEL SOL
2000703;LATTE BAGGIO
2001303;TUNUYAN
2001024;PRESTOBARBA
2001256;TELEFUNKEN
2001089;RIGOLLEAU
2001223;SUAVE
2001390;RUTAS/CAFAYATE
2000776;MANON
2000898;NOVECENTO
2001149;SANTA ELENE
2000603;IBERIA
2001025;PRESTOPRONTA
2001305;TUY
2001342;VILLA DEL SUR
2001429;G.ALMAR
2001203;SKYY
2000521;GARNIER
2000979;PICO DULCE
2001187;SIBARITA
2001179;SERRANITAS
2001318;VANISH
2001171;SENSODYNE
2001329;VENUS
2000608;ILOLAY
2000597;HOT&COLD
2001286;TRAVIATA
2001036;PROMESA
2001328;VENTUS
2000646;KILLKA
2001446;LA SUIPACHENSE
2000623;JAMAICA
2001038;PROTEX
2001134;SAN FELIPE
2000658;LA ABADIA
2001008;PORTE벨TAS
2000715;LE베
2001017;POZO
2001194;SIMONAGGIO
2000507;FROZEN
2001037;PRONTO
2000987;PITU
2000743;LOS ARBOLES
2001373;X5
2000566;HABANITOS
2001175;SERENA
2001114;RUMBA
2001381;ZUCARITAS
2000841;MOLINOS ALA
2001078;REVLON
2000952;PASABLANCA
2000702;LATITUD 33
2000800;MAXX
2001255;TEKA
2000588;HIRAM WALKER
2000908;ODEX
2000701;LASFOR
2001198;SINCERIDAD
2000802;MAYOLIVA
2001106;ROMANCE
2001248;TALCA
2000781;MAPA
2000696;LACTAL
2001129;SAMANTHA
2000726;LINA
2001344;VILLAVICENCIO
2000727;LINCOLN
2000568;HALL'S
2001201;SKIP
2000835;MISKY
2001125;SALADIX
2001358;VOCACION
2000851;MORTIMER
2000721;LG
2001354;VITINA
2000539;GOICOECHEA
2000806;MEDIA TARDE
2000821;MICHELIN
2000571;HARPIC
2001271;TODDY
2000956;PATITAS
2001063;RAZA
2000558;GREEN HILLS
2000761;MAGIC MAKERS
2000591;HOGARE베
2001324;VEGETALEX
2001056;RACE ONE
2000598;HOTDEAL
2000957;PATITO
2001064;RCA
2000504;FRITOLIM
2000695;LACASA
2001084;RICABE
2001250;TARAGUI
2000725;LIMOL
2001231;SUN
2000669;LA GAUCHITA
2000531;GIACOMO
2000958;PATO
2000817;MERENGADAS
2000884;NIKITOS
2001272;TOFI
2000970;PEPSI
2001177;SERNOVA
2000585;HIGIENOL
2000515;GA.MA
2000955;PATAGONIA
2000555;GRANJA IRIS
2001262;TERRAZAS
2000844;MONDIAL
2000637;KELVINATOR
2001251;TATIN
2000966;PEHUAMAR
2001356;VIVERE
2001386;PASO D/TOROS
2000823;MIGUEL ANGEL
2000805;MEDIA NARANJA
2000638;KEN BROWN
2001007;PORTA
2001247;TALACASTO
2000689;LA TUNERA
2000886;NINA
2001276;TOPLINE
2000630;JORGELIN
2000549;GRANBY
2000529;GEORGIA
2000787;MARGADAN
2001161;SCOTCH
2000810;MELLIZAS
2001254;TEDDY
2000533;GILLETTE
2000807;MELBA
2001109;ROSAMONTE
2000779;MANTY
2001419;CIALPIL
2000969;PEPITOS
2001310;UVITA
2000586;HILERET
2000745;LOS LE벮S
2000663;LA CUMBRECITA
2000983;PINO COLBERT
2001387;MR POP'S
2000613;IMPERIO
2000772;MANEKI NEKO
2001141;SAN TELMO
2001196;SIN CULPA
2001204;SMARTLIFE
2001213;SPEED
2000643;KETER
2001156;SAPITO
2001048;QUAKER
2000929;OTARD DUPUY
2001292;TRES PATITOS
2001216;ST IVES
2001235;SUPRABOND
2001239;SUTER
2000584;HIDRA-TOTAL5
2001442;BALTICA
2000757;MACROBIOTICA
2000693;LABRATTO
2000594;HONEY GRAHAM
2001298;TRIX
2000896;NOSOTRAS
2001450;RASTROS
2001046;PYREX
2001370;WILDE
2001128;SALTA
2000578;HER SECRET
2000561;GRUPO ALMAR
2000902;NUTELLA
2000705;LAY'S
2000926;OSI-OSI
2001088;RIERA
2001317;VALMONT
2001325;VEGETALINA
2000717;LEVEX
2000569;HAMLET
2001396;RESERVA S. JUAN
2001340;VILEDA
2000579;HERBAL ESSENCES
2000729;LIPO
2000783;MARBELLA
2001372;WOOLITE
2001140;SAN REGIM
2001176;SERENITO
2000918;OPERA
2000604;ICE
2000666;LA FARRUCA
2001148;SANTA CLAUS
2001184;SHIMY
2001304;TUTTI
2001130;SAMSUNG
2001206;SNIFF
2000522;GAROTO
2001353;VITAL INFANTIL
2000627;JIM BEAM
2001428;FUZION
2000848;MONTENEVI
2000883;NIETO SENETINER
2001266;TIC-TAC
2001009;PORTILLO
2000833;MIRINDA
2000892;NOGA
2000506;FROOT LOOPS
2000875;NEUTROGENA
2001029;PRIMOR
2000901;NUCREM
2001362;WALPLO
2001415;TAUDELTA
2000547;GORDON'S
2000710;LEDESMA
2001034;PRO-FILM
2001252;TAU DELTA
2001079;REX
2001132;SAN AGUSTIN
2001257;TENTACIONES
2000675;LA MONTEVIDEANA
2000732;LITORAL
2001332;VIA VESPUCCI
2000824;MIL ROSAS
2001447;FAROL
2001159;SCHNEIDER
2001060;RAPIPAP
2000746;LOS PRIMOS
2001051;QUEMAITA
2001053;QUESABORES
2000742;L'OREAL
2000767;MALTIFE
2000862;MUSEL
2001163;SCOTT
2001138;SAN JOAQUIN
2000959;PATRICHS
2001003;POLYCERA
2001232;SUPER CABRALES
2001411;CHAMP
2001028;PRIMICIA
2001068;RED BULL
2000737;LOLA MONTES
2000809;MELITTA
2000972;PHILADELPHIA
2000593;HOME KIT
2000642;KESITAS
2000797;MASFUEGO
2000542;GOLONDRINA
2000968;PEP
2000621;JACK
2000741;LORD CHESELINE
2000831;MINI MANTECADAS
2000537;GLOUCESTER
2001086;RICOMAS
2000565;H2OH!
2000777;MANTECOL
2000936;PALMESANO
2000932;PADILLA
2001224;SUAVECITAS
2000998;POINT
2001082;RHODESIA
2000924;ORO DULCE
2000581;HEROE
2001169;SELLO DE ORO
2000502;FRIGOR
2001249;TANG
2001004;POND'S
2000567;HALLOWEEN
2000622;JACK DANIEL'S
2000838;MOCORETA
2000580;HEREFORD
2001402;FEDERICO/ALVEAR
2000852;MOSQUITRAP
2001133;SAN BERNARDO
2001113;RUCA MALEN
2001162;SCOTCH BRITE
2000830;MINI ARROCITAS
2001434;CAMPO SAN ISIDR
2000714;LENGUETAZO
2001012;POSTALES
2000808;MELITAS
2000573;HAVANA
2001069;REFRESCO
2001117;RUTINI
2000723;LIFEBUOY
2001421;ABEL M. TORINO
2001282;TRAFUL
2000849;MONTERREY
2001202;SKYWORTH
2001410;AZUCEL
2000811;MENDICRIM
2001243;TABACAL
2001189;SI-DIET
2000718;LEVINA
2000900;NUCETE
2000960;PATRICK
2001242;SYS
2000738;LOMA VERDE
2001168;SELECCI刻
2001414;NAT. INDUCTION
2001363;WAMIS
2000994;PLOMERO
2000659;LA BLANCA
2001439;MOUTIER
2001314;VALDERROBLES
2001278;TORO VIEJO
2001183;SHAKIRA
2000971;PHEBUS
2001160;SCHWEPPES
2001074;RESERO
2001100;ROBIN
2000510;FUEGO LISTO
2000949;PARODONTAX
2000977;PIBES
2000728;LINYI
2001327;VENIER
2000913;OLIOVITA
2001222;SUAPEL
2001431;EST. MENDOZA
2001097;RIOSMA
2001236;SURTIDO BAGLEY
2001014;POXILINA
2001147;SANTA ANA
2000881;NIDINA BEBE
2001335;VIDA
2001432;GRAN FRAGATA
2001126;SALENTEIN
2001178;SERRANAS
2001166;SEGAFREDO
2001170;SELTON
2000534;GINO BOGANI
2001260;TERMOLAR
2001394;PURINA
2001291;TRES MILAGROS
2001339;VIEUX
2000867;NATURAL BREAK
2001150;SANTA FE
2001369;WHITE HORSE
2001042;PURISIMA
2000980;PIETRO
2000820;MICHEL TORINO
2001307;TWISTOS
2001422;ESCORIH. GASCON
2001020;PRADYMAR
2001420;EL HORNERO
2001143;SANACUTIS
2000667;LA FIAMMA
2001449;RESERVA/ANDES
2000582;HESPERIDINA
2001377;YOGUS
2000733;LITTLE DANIELLE
2001146;SANSEI
2000590;HITACHI
2001066;REAL
2000628;JOHNNIE WALKER
2000915;OMBU
2001110;ROS-RIG
2001105;ROLUMINIO
2001412;ECO D/ANDES
2000876;NEW AGE
2001383;ZUCOA
2000505;FRIZZE
2001313;VAINITAS
2001192;SILICONELIFE
2001365;WARSTEINER
2000734;LIVOPEN
2000856;MS
2001002;POLYANA
2001267;TIDY CATS
2001137;SAN IGNACIO
2001264;TIA MARIA
2000778;MANTERINA
2000548;GRAN COMPRA
2000662;LA COLINA
2001180;SERVIO
2000845;MONFERRATO
2001085;RICHARDLAC
2001408;PINO DORADO
2001155;SANYO
2000620;J&B
2001424;MOLINOS DEL BOS
2000766;MALIBU
2000616;INVEX
2001397;BAR&PUBS
2001299;TROMPITO
2001094;RINCON FAMOSO
2000720;L'EXTREME
2000984;PINOLUZ
2000993;PLISSE
2000771;MANCHESTER
2001349;VI베S DE BALBO
2001154;SANTA SILVIA
2001311;UXMAL
2001337;VIEJO SOLAR
2000519;GARCIA
2001279;TORPEDO
2000860;MUMM CUVEE
2000916;OMNIUM
2001142;SAN VICENTE
2001191;SIGLO DE ORO
2000560;GROLSCH
2001115;RUMBOS
2001135;SAN HUBERTO
2000836;MISTRAL
2001288;TREMBLAY
2000946;PARAGUITAS
2001186;SIAM
2001090;RI-K
2000530;GERMEX
2000614;IMPULSE
2001237;SURTIDO ESPECIA
2001367;WD-40
2000709;LECHERISIMA
2000879;NEWTOY'S SA
2000784;MARCELA
2001360;VOLIGOMA
2000664;LA DELIA
2001209;SONRISAS
2000995;PLUMITA
2001092;RIMOK
2000792;MARROC
2001296;TRISHOT
2000920;ORALI
2000511;FUEGUITO
2001195;SIMPLY VENUS
2000712;LEGUI
2000680;LA PIARA
2001197;SIN PARAR
2001285;TRAPICHE
2000925;OROWEAT
2001123;SAF INSTANT
2001227;SUCHARD
2001035;PRO-LUMINIO
2000818;MI PAN
2001151;SANTA ISABEL
2001087;RICREM
2001208;SOL
2000832;MINORA
2001185;SHOT
2000982;PINDY
2001400;FAVOUR DECOR
2000716;LEUDEX
2001316;VALLE FERTIL
2001445;FANTOCHE
2000816;MERCIER
2001015;POXIPOL
2001032;PROBUSOL
2001200;SKAY
2000735;LLAVE
2000762;MAGICLICK
2001355;VITTONE
2001338;VIENISSIMA
2000626;JELLY ROLL
2000624;JAMESON
2001350;VIRGIN ISLANDS
2000570;HANDY
2000651;KLARO
2001131;SAMT
